{
    "total_runs": 40,
    "successful_runs": 40,
    "timing_summary": {
        "embedding_time": {
            "average": 0.2911280424992583,
            "min": 0.018133300000044983,
            "max": 5.493638599997212,
            "median": 0.02480335000291234,
            "p95": 0.8869315049982007,
            "p99": 4.976379376997064
        },
        "retrieval_time": {
            "average": 0.1864732924987038,
            "min": 0.01114469999447465,
            "max": 2.5978254999936325,
            "median": 0.015755550000903895,
            "p95": 0.7983531549994906,
            "p99": 2.4835261329950296
        },
        "prompt_construction_time": {
            "average": 5.710750047001056e-05,
            "min": 3.440000000409782e-05,
            "max": 0.00012409999908413738,
            "median": 4.85500022477936e-05,
            "p95": 9.493499710515603e-05,
            "p99": 0.00011817199934739618
        },
        "llm_generation_time": {
            "average": 24.10933368249989,
            "min": 0.3392362000013236,
            "max": 28.666173300000082,
            "median": 26.499635499996657,
            "p95": 28.582765715003553,
            "p99": 28.64514403199995
        },
        "total_response_time": {
            "average": 25.534800205000284,
            "min": 1.382563699997263,
            "max": 29.386623300000792,
            "median": 27.059063299999252,
            "p95": 29.236740665001708,
            "p99": 29.35020022500117
        }
    },
    "token_summary": {
        "average_prompt_tokens": 2684.075,
        "average_completion_tokens": 27.275,
        "average_total_tokens": 2711.35
    },
    "chunk_summary": {
        "average_retrieved_chunks": 3.475
    }
}